<?xml version="1.0" encoding="UTF-8"?>
<beans xmlns="http://www.springframework.org/schema/beans"
       xmlns:xsi="http://www.w3.org/2001/XMLSchema-instance"
       xmlns:context="http://www.springframework.org/schema/context"
       xmlns:aop="http://www.springframework.org/schema/aop"
       xmlns:tx="http://www.springframework.org/schema/tx"
       xsi:schemaLocation="http://www.springframework.org/schema/beans
	http://www.springframework.org/schema/beans/spring-beans.xsd
	http://www.springframework.org/schema/context
	http://www.springframework.org/schema/context/spring-context.xsd
	http://www.springframework.org/schema/aop
	http://www.springframework.org/schema/aop/spring-aop.xsd
	http://www.springframework.org/schema/tx
	http://www.springframework.org/schema/tx/spring-tx.xsd">

    <!--开启注解的扫描，希望处理service和dao，controller不需要Spring框架去处理-->
    <context:component-scan base-package="Demo" >
        <!--配置哪些注解不扫描-->
        <context:exclude-filter type="annotation" expression="org.springframework.stereotype.Controller" />
    </context:component-scan>

    <!--Spring整合MyBatis框架-->
    <!--配置连接池-->
    <bean id="dataSource" class="com.mchange.v2.c3p0.ComboPooledDataSource">
        <property name="driverClass" value="com.mysql.cj.jdbc.Driver"/>
        <property name="jdbcUrl" value="jdbc:mysql://47.94.10.228:3306/sc?serverTimezone=UTC"/>
        <property name="user" value="root"/>
        <property name="password" value="123456"/>
    </bean>

    <!--配置SqlSessionFactory工厂-->
    <bean id="sqlSessionFactory" class="org.mybatis.spring.SqlSessionFactoryBean">
        <property name="dataSource" ref="dataSource" />

        <!--配置别名-->
        <property name="typeAliasesPackage" value="Demo.model"></property>

        <!--配置加载映射文件 UserMapper.xml-->
        <property name="mapperLocations" value="classpath:Demo/mapper/*Mapper.xml"/>

    </bean>

    <!--这是告诉Mybatis区哪找持久化类的映射文件，对于在src下的文件直接写文件名，
          如果在某包下，则要写明路径,如：com/mybatistest/config/User.xml-->
    <!--配置AccountDao接口所在包-->
    <bean id="mapperScanner" class="org.mybatis.spring.mapper.MapperScannerConfigurer">
        <property name="basePackage" value="Demo.mapper"/>
        <property name="sqlSessionFactoryBeanName" value="sqlSessionFactory"/>
    </bean>

    <!--配置Spring框架声明式事务管理-->
    <!--配置事务管理器-->
    <bean id="transactionManager" class="org.springframework.jdbc.datasource.DataSourceTransactionManager">
        <property name="dataSource" ref="dataSource" />
    </bean>

    <!--配置事务通知-->
    <tx:advice id="txAdvice" transaction-manager="transactionManager">
        <tx:attributes>
            <tx:method name="find*" read-only="true"/>    <!--所有以find开头的方法都是只读-->
            <tx:method name="*" isolation="DEFAULT"/>     <!--其他方法-->
        </tx:attributes>
    </tx:advice>

    <!--配置AOP增强-->
    <aop:config>
        <aop:advisor advice-ref="txAdvice" pointcut="execution(* Demo.service.impl.*ServiceImpl.*(..))"/>
    </aop:config>

    <tx:annotation-driven></tx:annotation-driven>



</beans>