<?xml version="1.0" encoding="UTF-8" ?>
<!DOCTYPE mapper PUBLIC "-//mybatis.org//DTD Mapper 3.0//EN" "http://mybatis.org/dtd/mybatis-3-mapper.dtd" >
<mapper namespace="Demo.mapper.LostfoundMapper" >
  <resultMap id="BaseResultMap" type="Demo.model.Lostfound" >
    <!--
      WARNING - @mbggenerated
      This element is automatically generated by MyBatis Generator, do not modify.
      This element was generated on Tue Aug 06 20:21:23 CST 2019.
    -->
    <id column="id" property="id" jdbcType="INTEGER" />
    <result column="uid" property="uid" jdbcType="VARCHAR" />
    <result column="des" property="des" jdbcType="VARCHAR" />
    <result column="time" property="time" jdbcType="DATE" />
    <result column="lstatic" property="lstatic" jdbcType="VARCHAR" />
    <result column="lflag" property="lflag" jdbcType="VARCHAR" />
    <result column="image" property="image" jdbcType="VARCHAR" />
    <result column="utel" property="utel" jdbcType="VARCHAR" />
    <result column="udept" property="udept" jdbcType="VARCHAR" />
  </resultMap>
  <sql id="Example_Where_Clause" >
    <!--
      WARNING - @mbggenerated
      This element is automatically generated by MyBatis Generator, do not modify.
      This element was generated on Tue Aug 06 20:21:23 CST 2019.
    -->
    <where >
      <foreach collection="oredCriteria" item="criteria" separator="or" >
        <if test="criteria.valid" >
          <trim prefix="(" suffix=")" prefixOverrides="and" >
            <foreach collection="criteria.criteria" item="criterion" >
              <choose >
                <when test="criterion.noValue" >
                  and ${criterion.condition}
                </when>
                <when test="criterion.singleValue" >
                  and ${criterion.condition} #{criterion.value}
                </when>
                <when test="criterion.betweenValue" >
                  and ${criterion.condition} #{criterion.value} and #{criterion.secondValue}
                </when>
                <when test="criterion.listValue" >
                  and ${criterion.condition}
                  <foreach collection="criterion.value" item="listItem" open="(" close=")" separator="," >
                    #{listItem}
                  </foreach>
                </when>
              </choose>
            </foreach>
          </trim>
        </if>
      </foreach>
    </where>
  </sql>
  <sql id="Update_By_Example_Where_Clause" >
    <!--
      WARNING - @mbggenerated
      This element is automatically generated by MyBatis Generator, do not modify.
      This element was generated on Tue Aug 06 20:21:23 CST 2019.
    -->
    <where >
      <foreach collection="example.oredCriteria" item="criteria" separator="or" >
        <if test="criteria.valid" >
          <trim prefix="(" suffix=")" prefixOverrides="and" >
            <foreach collection="criteria.criteria" item="criterion" >
              <choose >
                <when test="criterion.noValue" >
                  and ${criterion.condition}
                </when>
                <when test="criterion.singleValue" >
                  and ${criterion.condition} #{criterion.value}
                </when>
                <when test="criterion.betweenValue" >
                  and ${criterion.condition} #{criterion.value} and #{criterion.secondValue}
                </when>
                <when test="criterion.listValue" >
                  and ${criterion.condition}
                  <foreach collection="criterion.value" item="listItem" open="(" close=")" separator="," >
                    #{listItem}
                  </foreach>
                </when>
              </choose>
            </foreach>
          </trim>
        </if>
      </foreach>
    </where>
  </sql>
  <sql id="Base_Column_List" >
    <!--
      WARNING - @mbggenerated
      This element is automatically generated by MyBatis Generator, do not modify.
      This element was generated on Tue Aug 06 20:21:23 CST 2019.
    -->
    id, uid, des, time, lstatic, lflag, image,udept
  </sql>
  <select id="selectByExample" resultMap="BaseResultMap" parameterType="Demo.model.LostfoundExample" >
    <!--
      WARNING - @mbggenerated
      This element is automatically generated by MyBatis Generator, do not modify.
      This element was generated on Tue Aug 06 20:21:23 CST 2019.
    -->
    select
    <if test="distinct" >
      distinct
    </if>
    <include refid="Base_Column_List" />
    from lostfound
    <if test="_parameter != null" >
      <include refid="Example_Where_Clause" />
    </if>
    <if test="orderByClause != null" >
      order by ${orderByClause}
    </if>
  </select>
  <select id="selectByPrimaryKey" resultMap="BaseResultMap" parameterType="java.lang.Integer" >
    <!--
      WARNING - @mbggenerated
      This element is automatically generated by MyBatis Generator, do not modify.
      This element was generated on Tue Aug 06 20:21:23 CST 2019.
    -->
    select 
    <include refid="Base_Column_List" />
    from lostfound
    where id = #{id,jdbcType=INTEGER}
  </select>
  <delete id="deleteByPrimaryKey" parameterType="java.lang.Integer" >
    <!--
      WARNING - @mbggenerated
      This element is automatically generated by MyBatis Generator, do not modify.
      This element was generated on Tue Aug 06 20:21:23 CST 2019.
    -->
    delete from lostfound
    where id = #{id,jdbcType=INTEGER}
  </delete>
  <delete id="deleteByExample" parameterType="Demo.model.LostfoundExample" >
    <!--
      WARNING - @mbggenerated
      This element is automatically generated by MyBatis Generator, do not modify.
      This element was generated on Tue Aug 06 20:21:23 CST 2019.
    -->
    delete from lostfound
    <if test="_parameter != null" >
      <include refid="Example_Where_Clause" />
    </if>
  </delete>
  <insert id="insert" parameterType="Demo.model.Lostfound" >
    <!--
      WARNING - @mbggenerated
      This element is automatically generated by MyBatis Generator, do not modify.
      This element was generated on Tue Aug 06 20:21:23 CST 2019.
    -->
    insert into lostfound (id, uid, des, 
      time, lstatic, lflag, 
      image,udept)
    values (#{id,jdbcType=INTEGER}, #{uid,jdbcType=VARCHAR}, #{des,jdbcType=VARCHAR}, 
      #{time,jdbcType=DATE}, #{lstatic,jdbcType=VARCHAR}, #{lflag,jdbcType=VARCHAR}, 
      #{image,jdbcType=VARCHAR},#{udept,jdbcType=VARCHAR})
  </insert>
  <insert id="insertSelective" parameterType="Demo.model.Lostfound" >
    <!--
      WARNING - @mbggenerated
      This element is automatically generated by MyBatis Generator, do not modify.
      This element was generated on Tue Aug 06 20:21:23 CST 2019.
    -->
    insert into lostfound
    <trim prefix="(" suffix=")" suffixOverrides="," >
      <if test="id != null" >
        id,
      </if>
      <if test="uid != null" >
        uid,
      </if>
      <if test="des != null" >
        des,
      </if>
      <if test="time != null" >
        time,
      </if>
      <if test="lstatic != null" >
        lstatic,
      </if>
      <if test="lflag != null" >
        lflag,
      </if>
      <if test="image != null" >
        image,
      </if>
    </trim>
    <trim prefix="values (" suffix=")" suffixOverrides="," >
      <if test="id != null" >
        #{id,jdbcType=INTEGER},
      </if>
      <if test="uid != null" >
        #{uid,jdbcType=VARCHAR},
      </if>
      <if test="des != null" >
        #{des,jdbcType=VARCHAR},
      </if>
      <if test="time != null" >
        #{time,jdbcType=DATE},
      </if>
      <if test="lstatic != null" >
        #{lstatic,jdbcType=VARCHAR},
      </if>
      <if test="lflag != null" >
        #{lflag,jdbcType=VARCHAR},
      </if>
      <if test="image != null" >
        #{image,jdbcType=VARCHAR},
      </if>
    </trim>
  </insert>
  <select id="countByExample" parameterType="Demo.model.LostfoundExample" resultType="java.lang.Integer" >
    <!--
      WARNING - @mbggenerated
      This element is automatically generated by MyBatis Generator, do not modify.
      This element was generated on Tue Aug 06 20:21:23 CST 2019.
    -->
    select count(*) from lostfound
    <if test="_parameter != null" >
      <include refid="Example_Where_Clause" />
    </if>
  </select>
  <update id="updateByExampleSelective" parameterType="map" >
    <!--
      WARNING - @mbggenerated
      This element is automatically generated by MyBatis Generator, do not modify.
      This element was generated on Tue Aug 06 20:21:23 CST 2019.
    -->
    update lostfound
    <set >
      <if test="record.id != null" >
        id = #{record.id,jdbcType=INTEGER},
      </if>
      <if test="record.uid != null" >
        uid = #{record.uid,jdbcType=VARCHAR},
      </if>
      <if test="record.des != null" >
        des = #{record.des,jdbcType=VARCHAR},
      </if>
      <if test="record.time != null" >
        time = #{record.time,jdbcType=DATE},
      </if>
      <if test="record.lstatic != null" >
        lstatic = #{record.lstatic,jdbcType=VARCHAR},
      </if>
      <if test="record.lflag != null" >
        lflag = #{record.lflag,jdbcType=VARCHAR},
      </if>
      <if test="record.image != null" >
        image = #{record.image,jdbcType=VARCHAR},
      </if>
    </set>
    <if test="_parameter != null" >
      <include refid="Update_By_Example_Where_Clause" />
    </if>
  </update>
  <update id="updateByExample" parameterType="map" >
    <!--
      WARNING - @mbggenerated
      This element is automatically generated by MyBatis Generator, do not modify.
      This element was generated on Tue Aug 06 20:21:23 CST 2019.
    -->
    update lostfound
    set id = #{record.id,jdbcType=INTEGER},
      uid = #{record.uid,jdbcType=VARCHAR},
      des = #{record.des,jdbcType=VARCHAR},
      time = #{record.time,jdbcType=DATE},
      lstatic = #{record.lstatic,jdbcType=VARCHAR},
      lflag = #{record.lflag,jdbcType=VARCHAR},
      image = #{record.image,jdbcType=VARCHAR}
    <if test="_parameter != null" >
      <include refid="Update_By_Example_Where_Clause" />
    </if>
  </update>
  <update id="updateByPrimaryKeySelective" parameterType="Demo.model.Lostfound" >
    <!--
      WARNING - @mbggenerated
      This element is automatically generated by MyBatis Generator, do not modify.
      This element was generated on Tue Aug 06 20:21:23 CST 2019.
    -->
    update lostfound
    <set >
      <if test="uid != null" >
        uid = #{uid,jdbcType=VARCHAR},
      </if>
      <if test="des != null" >
        des = #{des,jdbcType=VARCHAR},
      </if>
      <if test="time != null" >
        time = #{time,jdbcType=DATE},
      </if>
      <if test="lstatic != null" >
        lstatic = #{lstatic,jdbcType=VARCHAR},
      </if>
      <if test="lflag != null" >
        lflag = #{lflag,jdbcType=VARCHAR},
      </if>
      <if test="image != null" >
        image = #{image,jdbcType=VARCHAR},
      </if>
    </set>
    where id = #{id,jdbcType=INTEGER}
  </update>
  <update id="updateByPrimaryKey" parameterType="Demo.model.Lostfound" >
    <!--
      WARNING - @mbggenerated
      This element is automatically generated by MyBatis Generator, do not modify.
      This element was generated on Tue Aug 06 20:21:23 CST 2019.
    -->
    update lostfound
    set uid = #{uid,jdbcType=VARCHAR},
      des = #{des,jdbcType=VARCHAR},
      time = #{time,jdbcType=DATE},
      lstatic = #{lstatic,jdbcType=VARCHAR},
      lflag = #{lflag,jdbcType=VARCHAR},
    <if test="image != null" >
      image = #{image,jdbcType=VARCHAR}
    </if>
    where id = #{id,jdbcType=INTEGER} and lostfound.udept=#{udept,jdbcType=VARCHAR}
  </update>

  <select id="findAll" resultType="Lostfound">
      select * from lostfound
  </select>

  <select id="getAllLost" resultType="Lostfound">
      select id,user.uid,des,time,lstatic,lflag,image,utel from lostfound,user where user.uid=lostfound.uid and lostfound.udept=#{udept,jdbcType=VARCHAR} and lostfound.udept=user.udept and lflag=#{lflag,jdbcType=VARCHAR}
  </select>

  <select id="getAllFound" resultType="Lostfound">
      select id,user.uid,des,time,lstatic,lflag,image,utel from lostfound,user where user.uid=lostfound.uid and lostfound.udept=#{udept,jdbcType=VARCHAR} and lostfound.udept=user.udept and lflag=#{lflag,jdbcType=VARCHAR}
  </select>

  <select id="getCountById" parameterType="int" resultType="int">
    select count(*) from lostfound where id=#{id,jdbcType=INTEGER}
  </select>

  <select id="getAllThing" parameterType="String" resultType="Lostfound">
      select * from lostfound where uid=#{uid,jdbcType=VARCHAR}
  </select>



</mapper>