<?xml version="1.0" encoding="UTF-8" ?>
<!DOCTYPE mapper PUBLIC "-//mybatis.org//DTD Mapper 3.0//EN" "http://mybatis.org/dtd/mybatis-3-mapper.dtd" >
<mapper namespace="Demo.mapper.RecordMapper" >
  <resultMap id="BaseResultMap" type="Demo.model.Record" >
    <!--
      WARNING - @mbggenerated
      This element is automatically generated by MyBatis Generator, do not modify.
      This element was generated on Tue Aug 06 20:21:23 CST 2019.
    -->
    <id column="Rid" property="rid" jdbcType="INTEGER" />
    <result column="Ruid" property="ruid" jdbcType="VARCHAR" />
    <result column="Rdate" property="rdate" jdbcType="DATE" />
    <result column="Rdes" property="rdes" jdbcType="VARCHAR" />
    <result column="Radr" property="radr" jdbcType="VARCHAR" />
    <result column="Rtype" property="rtype" jdbcType="VARCHAR" />
    <result column="Wid" property="wid" jdbcType="VARCHAR" />
    <result column="Wstatic" property="wstatic" jdbcType="VARCHAR" />
    <result column="Wdate" property="wdate" jdbcType="DATE" />
    <result column="image" property="image" jdbcType="VARCHAR" />
    <result column="udept" property="udept" jdbcType="VARCHAR" />
  </resultMap>
  <sql id="Example_Where_Clause" >
    <!--
      WARNING - @mbggenerated
      This element is automatically generated by MyBatis Generator, do not modify.
      This element was generated on Tue Aug 06 20:21:23 CST 2019.
    -->
    <where >
      <foreach collection="oredCriteria" item="criteria" separator="or" >
        <if test="criteria.valid" >
          <trim prefix="(" suffix=")" prefixOverrides="and" >
            <foreach collection="criteria.criteria" item="criterion" >
              <choose >
                <when test="criterion.noValue" >
                  and ${criterion.condition}
                </when>
                <when test="criterion.singleValue" >
                  and ${criterion.condition} #{criterion.value}
                </when>
                <when test="criterion.betweenValue" >
                  and ${criterion.condition} #{criterion.value} and #{criterion.secondValue}
                </when>
                <when test="criterion.listValue" >
                  and ${criterion.condition}
                  <foreach collection="criterion.value" item="listItem" open="(" close=")" separator="," >
                    #{listItem}
                  </foreach>
                </when>
              </choose>
            </foreach>
          </trim>
        </if>
      </foreach>
    </where>
  </sql>
  <sql id="Update_By_Example_Where_Clause" >
    <!--
      WARNING - @mbggenerated
      This element is automatically generated by MyBatis Generator, do not modify.
      This element was generated on Tue Aug 06 20:21:23 CST 2019.
    -->
    <where >
      <foreach collection="example.oredCriteria" item="criteria" separator="or" >
        <if test="criteria.valid" >
          <trim prefix="(" suffix=")" prefixOverrides="and" >
            <foreach collection="criteria.criteria" item="criterion" >
              <choose >
                <when test="criterion.noValue" >
                  and ${criterion.condition}
                </when>
                <when test="criterion.singleValue" >
                  and ${criterion.condition} #{criterion.value}
                </when>
                <when test="criterion.betweenValue" >
                  and ${criterion.condition} #{criterion.value} and #{criterion.secondValue}
                </when>
                <when test="criterion.listValue" >
                  and ${criterion.condition}
                  <foreach collection="criterion.value" item="listItem" open="(" close=")" separator="," >
                    #{listItem}
                  </foreach>
                </when>
              </choose>
            </foreach>
          </trim>
        </if>
      </foreach>
    </where>
  </sql>
  <sql id="Base_Column_List" >
    <!--
      WARNING - @mbggenerated
      This element is automatically generated by MyBatis Generator, do not modify.
      This element was generated on Tue Aug 06 20:21:23 CST 2019.
    -->
    Rid, Ruid, Rdate, Rdes, Radr, Rtype, Wid, Wstatic, Wdate, image,udept
  </sql>
  <select id="selectByExample" resultMap="BaseResultMap" parameterType="Demo.model.RecordExample" >
    <!--
      WARNING - @mbggenerated
      This element is automatically generated by MyBatis Generator, do not modify.
      This element was generated on Tue Aug 06 20:21:23 CST 2019.
    -->
    select
    <if test="distinct" >
      distinct
    </if>
    <include refid="Base_Column_List" />
    from record
    <if test="_parameter != null" >
      <include refid="Example_Where_Clause" />
    </if>
    <if test="orderByClause != null" >
      order by ${orderByClause}
    </if>
  </select>
  <select id="selectByPrimaryKey" resultMap="BaseResultMap" parameterType="java.lang.Integer" >
    <!--
      WARNING - @mbggenerated
      This element is automatically generated by MyBatis Generator, do not modify.
      This element was generated on Tue Aug 06 20:21:23 CST 2019.
    -->
    select 
    <include refid="Base_Column_List" />
    from record
    where Rid = #{rid,jdbcType=INTEGER}
  </select>
  <delete id="deleteByPrimaryKey" parameterType="java.lang.Integer" >
    <!--
      WARNING - @mbggenerated
      This element is automatically generated by MyBatis Generator, do not modify.
      This element was generated on Tue Aug 06 20:21:23 CST 2019.
    -->
    delete from record
    where Rid = #{rid,jdbcType=INTEGER}
  </delete>
  <delete id="deleteByExample" parameterType="Demo.model.RecordExample" >
    <!--
      WARNING - @mbggenerated
      This element is automatically generated by MyBatis Generator, do not modify.
      This element was generated on Tue Aug 06 20:21:23 CST 2019.
    -->
    delete from record
    <if test="_parameter != null" >
      <include refid="Example_Where_Clause" />
    </if>
  </delete>
  <insert id="insert" parameterType="Demo.model.Record" >
    <!--
      WARNING - @mbggenerated
      This element is automatically generated by MyBatis Generator, do not modify.
      This element was generated on Tue Aug 06 20:21:23 CST 2019.
    -->
    insert into record (Rid, Ruid, Rdate, 
      Rdes, Radr, Rtype, 
      Wid, Wstatic, Wdate, image,udept
      )
    values (#{rid,jdbcType=INTEGER}, #{ruid,jdbcType=VARCHAR}, #{rdate,jdbcType=DATE}, 
      #{rdes,jdbcType=VARCHAR}, #{radr,jdbcType=VARCHAR}, #{rtype,jdbcType=VARCHAR}, 
      #{wid,jdbcType=VARCHAR}, #{wstatic,jdbcType=VARCHAR}, #{wdate,jdbcType=DATE}, #{image,jdbcType=VARCHAR},#{udept,jdbcType=VARCHAR}
      )
  </insert>
  <insert id="insertSelective" parameterType="Demo.model.Record" >
    <!--
      WARNING - @mbggenerated
      This element is automatically generated by MyBatis Generator, do not modify.
      This element was generated on Tue Aug 06 20:21:23 CST 2019.
    -->
    insert into record
    <trim prefix="(" suffix=")" suffixOverrides="," >
      <if test="rid != null" >
        Rid,
      </if>
      <if test="ruid != null" >
        Ruid,
      </if>
      <if test="rdate != null" >
        Rdate,
      </if>
      <if test="rdes != null" >
        Rdes,
      </if>
      <if test="radr != null" >
        Radr,
      </if>
      <if test="rtype != null" >
        Rtype,
      </if>
      <if test="wid != null" >
        Wid,
      </if>
      <if test="wstatic != null" >
        Wstatic,
      </if>
      <if test="wdate != null" >
        Wdate,
      </if>
      <if test="image != null" >
        image,
      </if>
    </trim>
    <trim prefix="values (" suffix=")" suffixOverrides="," >
      <if test="rid != null" >
        #{rid,jdbcType=INTEGER},
      </if>
      <if test="ruid != null" >
        #{ruid,jdbcType=VARCHAR},
      </if>
      <if test="rdate != null" >
        #{rdate,jdbcType=DATE},
      </if>
      <if test="rdes != null" >
        #{rdes,jdbcType=VARCHAR},
      </if>
      <if test="radr != null" >
        #{radr,jdbcType=VARCHAR},
      </if>
      <if test="rtype != null" >
        #{rtype,jdbcType=VARCHAR},
      </if>
      <if test="wid != null" >
        #{wid,jdbcType=VARCHAR},
      </if>
      <if test="wstatic != null" >
        #{wstatic,jdbcType=VARCHAR},
      </if>
      <if test="wdate != null" >
        #{wdate,jdbcType=DATE},
      </if>
      <if test="image != null" >
        #{image,jdbcType=VARCHAR},
      </if>
    </trim>
  </insert>
  <select id="countByExample" parameterType="Demo.model.RecordExample" resultType="java.lang.Integer" >
    <!--
      WARNING - @mbggenerated
      This element is automatically generated by MyBatis Generator, do not modify.
      This element was generated on Tue Aug 06 20:21:23 CST 2019.
    -->
    select count(*) from record
    <if test="_parameter != null" >
      <include refid="Example_Where_Clause" />
    </if>
  </select>
  <update id="updateByExampleSelective" parameterType="map" >
    <!--
      WARNING - @mbggenerated
      This element is automatically generated by MyBatis Generator, do not modify.
      This element was generated on Tue Aug 06 20:21:23 CST 2019.
    -->
    update record
    <set >
      <if test="record.rid != null" >
        Rid = #{record.rid,jdbcType=INTEGER},
      </if>
      <if test="record.ruid != null" >
        Ruid = #{record.ruid,jdbcType=VARCHAR},
      </if>
      <if test="record.rdate != null" >
        Rdate = #{record.rdate,jdbcType=DATE},
      </if>
      <if test="record.rdes != null" >
        Rdes = #{record.rdes,jdbcType=VARCHAR},
      </if>
      <if test="record.radr != null" >
        Radr = #{record.radr,jdbcType=VARCHAR},
      </if>
      <if test="record.rtype != null" >
        Rtype = #{record.rtype,jdbcType=VARCHAR},
      </if>
      <if test="record.wid != null" >
        Wid = #{record.wid,jdbcType=VARCHAR},
      </if>
      <if test="record.wstatic != null" >
        Wstatic = #{record.wstatic,jdbcType=VARCHAR},
      </if>
      <if test="record.wdate != null" >
        Wdate = #{record.wdate,jdbcType=DATE},
      </if>
      <if test="record.image != null" >
        image = #{record.image,jdbcType=VARCHAR},
      </if>
    </set>
    <if test="_parameter != null" >
      <include refid="Update_By_Example_Where_Clause" />
    </if>
  </update>
  <update id="updateByExample" parameterType="map" >
    <!--
      WARNING - @mbggenerated
      This element is automatically generated by MyBatis Generator, do not modify.
      This element was generated on Tue Aug 06 20:21:23 CST 2019.
    -->
    update record
    set Rid = #{record.rid,jdbcType=INTEGER},
      Ruid = #{record.ruid,jdbcType=VARCHAR},
      Rdate = #{record.rdate,jdbcType=DATE},
      Rdes = #{record.rdes,jdbcType=VARCHAR},
      Radr = #{record.radr,jdbcType=VARCHAR},
      Rtype = #{record.rtype,jdbcType=VARCHAR},
      Wid = #{record.wid,jdbcType=VARCHAR},
      Wstatic = #{record.wstatic,jdbcType=VARCHAR},
      Wdate = #{record.wdate,jdbcType=DATE},
      image = #{record.image,jdbcType=VARCHAR}
    <if test="_parameter != null" >
      <include refid="Update_By_Example_Where_Clause" />
    </if>
  </update>
  <update id="updateByPrimaryKeySelective" parameterType="Demo.model.Record" >
    <!--
      WARNING - @mbggenerated
      This element is automatically generated by MyBatis Generator, do not modify.
      This element was generated on Tue Aug 06 20:21:23 CST 2019.
    -->
    update record
    <set >
      <if test="ruid != null" >
        Ruid = #{ruid,jdbcType=VARCHAR},
      </if>
      <if test="rdate != null" >
        Rdate = #{rdate,jdbcType=DATE},
      </if>
      <if test="rdes != null" >
        Rdes = #{rdes,jdbcType=VARCHAR},
      </if>
      <if test="radr != null" >
        Radr = #{radr,jdbcType=VARCHAR},
      </if>
      <if test="rtype != null" >
        Rtype = #{rtype,jdbcType=VARCHAR},
      </if>
      <if test="wid != null" >
        Wid = #{wid,jdbcType=VARCHAR},
      </if>
      <if test="wstatic != null" >
        Wstatic = #{wstatic,jdbcType=VARCHAR},
      </if>
      <if test="wdate != null" >
        Wdate = #{wdate,jdbcType=DATE},
      </if>
      <if test="image != null" >
        image = #{image,jdbcType=VARCHAR},
      </if>
    </set>
    where Rid = #{rid,jdbcType=INTEGER}
  </update>
  <update id="updateByPrimaryKey" parameterType="Demo.model.Record" >
    <!--
      WARNING - @mbggenerated
      This element is automatically generated by MyBatis Generator, do not modify.
      This element was generated on Tue Aug 06 20:21:23 CST 2019.
    -->
    update record
    set Ruid = #{ruid,jdbcType=VARCHAR},
      Rdate = #{rdate,jdbcType=DATE},
      Rdes = #{rdes,jdbcType=VARCHAR},
      Radr = #{radr,jdbcType=VARCHAR},
      Rtype = #{rtype,jdbcType=VARCHAR},
      Wid = #{wid,jdbcType=VARCHAR},
      Wstatic = #{wstatic,jdbcType=VARCHAR},
      Wdate = #{wdate,jdbcType=DATE},
    <if test="image != null" >
      image = #{image,jdbcType=VARCHAR}
    </if>
    where Rid = #{rid,jdbcType=INTEGER} and record.udept=#{udept,jdbcType=VARCHAR}
  </update>

  <select id="getCountById" parameterType="int" resultType="int">
    select count(*) from record where rid=#{rid,jdbcType=INTEGER}
  </select>

  <select id="findAll" resultType="Record">
      select * from record
  </select>

  <select id="getCountByRuid" parameterType="String" resultType="int">
    select count(*) from record where ruid=#{ruid,jdbcType=VARCHAR}
  </select>

  <select id="getCountByWid" parameterType="String" resultType="int">
    select count(*) from record where wid=#{wid,jdbcType=VARCHAR}
  </select>

  <select id="getMessage" parameterType="String" resultType="Record">
    select rid,ruid,utel,rdate,radr,rtype,rdes,wstatic,image from record,user where record.ruid=user.Uid and record.udept=#{udept,jdbcType=VARCHAR} and record.udept=user.udept ORDER BY rid Asc
  </select>

  <select id="getRMessage" parameterType="String" resultType="Record">
    select rid,ruid,utel,rdate,radr,rtype,rdes,wid,wstatic,wdate,image from record,user where record.ruid=user.Uid and ruid=#{ruid,jdbcType=VARCHAR}
  </select>

  <select id="getWYMessage" resultType="Record">
    select rid,ruid,utel,rdate,radr,rtype,rdes,wid,wstatic,wdate,image from record,user where record.ruid=user.Uid and wid=#{wid,jdbcType=VARCHAR} and wstatic=#{wstatic,jdbcType=VARCHAR}
  </select>

  <select id="getWWMessage" resultType="Record">
    select rid,ruid,utel,rdate,radr,rtype,rdes,wid,wstatic,wdate,image from record,user where record.ruid=user.Uid and record.udept=#{udept,jdbcType=VARCHAR} and wstatic=#{wstatic,jdbcType=VARCHAR}
  </select>



</mapper>