<?xml version="1.0" encoding="UTF-8" ?>
<!DOCTYPE mapper PUBLIC "-//mybatis.org//DTD Mapper 3.0//EN" "http://mybatis.org/dtd/mybatis-3-mapper.dtd" >
<mapper namespace="Demo.mapper.TestMapper" >
  <resultMap id="BaseResultMap" type="Demo.model.Test" >
    <!--
      WARNING - @mbggenerated
      This element is automatically generated by MyBatis Generator, do not modify.
      This element was generated on Tue Aug 06 20:21:23 CST 2019.
    -->
    <id column="Tid" property="tid" jdbcType="INTEGER" />
    <result column="Tname" property="tname" jdbcType="VARCHAR" />
    <result column="Turl" property="turl" jdbcType="VARCHAR" />
    <result column="Tcollege" property="tcollege" jdbcType="VARCHAR" />
  </resultMap>
  <sql id="Example_Where_Clause" >
    <!--
      WARNING - @mbggenerated
      This element is automatically generated by MyBatis Generator, do not modify.
      This element was generated on Tue Aug 06 20:21:23 CST 2019.
    -->
    <where >
      <foreach collection="oredCriteria" item="criteria" separator="or" >
        <if test="criteria.valid" >
          <trim prefix="(" suffix=")" prefixOverrides="and" >
            <foreach collection="criteria.criteria" item="criterion" >
              <choose >
                <when test="criterion.noValue" >
                  and ${criterion.condition}
                </when>
                <when test="criterion.singleValue" >
                  and ${criterion.condition} #{criterion.value}
                </when>
                <when test="criterion.betweenValue" >
                  and ${criterion.condition} #{criterion.value} and #{criterion.secondValue}
                </when>
                <when test="criterion.listValue" >
                  and ${criterion.condition}
                  <foreach collection="criterion.value" item="listItem" open="(" close=")" separator="," >
                    #{listItem}
                  </foreach>
                </when>
              </choose>
            </foreach>
          </trim>
        </if>
      </foreach>
    </where>
  </sql>
  <sql id="Update_By_Example_Where_Clause" >
    <!--
      WARNING - @mbggenerated
      This element is automatically generated by MyBatis Generator, do not modify.
      This element was generated on Tue Aug 06 20:21:23 CST 2019.
    -->
    <where >
      <foreach collection="example.oredCriteria" item="criteria" separator="or" >
        <if test="criteria.valid" >
          <trim prefix="(" suffix=")" prefixOverrides="and" >
            <foreach collection="criteria.criteria" item="criterion" >
              <choose >
                <when test="criterion.noValue" >
                  and ${criterion.condition}
                </when>
                <when test="criterion.singleValue" >
                  and ${criterion.condition} #{criterion.value}
                </when>
                <when test="criterion.betweenValue" >
                  and ${criterion.condition} #{criterion.value} and #{criterion.secondValue}
                </when>
                <when test="criterion.listValue" >
                  and ${criterion.condition}
                  <foreach collection="criterion.value" item="listItem" open="(" close=")" separator="," >
                    #{listItem}
                  </foreach>
                </when>
              </choose>
            </foreach>
          </trim>
        </if>
      </foreach>
    </where>
  </sql>
  <sql id="Base_Column_List" >
    <!--
      WARNING - @mbggenerated
      This element is automatically generated by MyBatis Generator, do not modify.
      This element was generated on Tue Aug 06 20:21:23 CST 2019.
    -->
    Tid, Tname, Turl, Tcollege
  </sql>
  <select id="selectByExample" resultMap="BaseResultMap" parameterType="Demo.model.TestExample" >
    <!--
      WARNING - @mbggenerated
      This element is automatically generated by MyBatis Generator, do not modify.
      This element was generated on Tue Aug 06 20:21:23 CST 2019.
    -->
    select
    <if test="distinct" >
      distinct
    </if>
    <include refid="Base_Column_List" />
    from test
    <if test="_parameter != null" >
      <include refid="Example_Where_Clause" />
    </if>
    <if test="orderByClause != null" >
      order by ${orderByClause}
    </if>
  </select>
  <select id="selectByPrimaryKey" resultMap="BaseResultMap" parameterType="java.lang.Integer" >
    <!--
      WARNING - @mbggenerated
      This element is automatically generated by MyBatis Generator, do not modify.
      This element was generated on Tue Aug 06 20:21:23 CST 2019.
    -->
    select 
    <include refid="Base_Column_List" />
    from test
    where Tid = #{tid,jdbcType=INTEGER}
  </select>
  <delete id="deleteByPrimaryKey" parameterType="java.lang.Integer" >
    <!--
      WARNING - @mbggenerated
      This element is automatically generated by MyBatis Generator, do not modify.
      This element was generated on Tue Aug 06 20:21:23 CST 2019.
    -->
    delete from test
    where Tid = #{tid,jdbcType=INTEGER}
  </delete>
  <delete id="deleteByExample" parameterType="Demo.model.TestExample" >
    <!--
      WARNING - @mbggenerated
      This element is automatically generated by MyBatis Generator, do not modify.
      This element was generated on Tue Aug 06 20:21:23 CST 2019.
    -->
    delete from test
    <if test="_parameter != null" >
      <include refid="Example_Where_Clause" />
    </if>
  </delete>
  <insert id="insert" parameterType="Demo.model.Test" >
    <!--
      WARNING - @mbggenerated
      This element is automatically generated by MyBatis Generator, do not modify.
      This element was generated on Tue Aug 06 20:21:23 CST 2019.
    -->
    insert into test (Tid, Tname, Turl, Tcollege
      )
    values (#{tid,jdbcType=INTEGER}, #{tname,jdbcType=VARCHAR}, #{turl,jdbcType=VARCHAR}, #{tcollege,jdbcType=VARCHAR}
      )
  </insert>
  <insert id="insertSelective" parameterType="Demo.model.Test" >
    <!--
      WARNING - @mbggenerated
      This element is automatically generated by MyBatis Generator, do not modify.
      This element was generated on Tue Aug 06 20:21:23 CST 2019.
    -->
    insert into test
    <trim prefix="(" suffix=")" suffixOverrides="," >
      <if test="tid != null" >
        Tid,
      </if>
      <if test="tname != null" >
        Tname,
      </if>
      <if test="turl != null" >
        Turl,
      </if>
    </trim>
    <trim prefix="values (" suffix=")" suffixOverrides="," >
      <if test="tid != null" >
        #{tid,jdbcType=INTEGER},
      </if>
      <if test="tname != null" >
        #{tname,jdbcType=VARCHAR},
      </if>
      <if test="turl != null" >
        #{turl,jdbcType=VARCHAR},
      </if>
    </trim>
  </insert>
  <select id="countByExample" parameterType="Demo.model.TestExample" resultType="java.lang.Integer" >
    <!--
      WARNING - @mbggenerated
      This element is automatically generated by MyBatis Generator, do not modify.
      This element was generated on Tue Aug 06 20:21:23 CST 2019.
    -->
    select count(*) from test
    <if test="_parameter != null" >
      <include refid="Example_Where_Clause" />
    </if>
  </select>
  <update id="updateByExampleSelective" parameterType="map" >
    <!--
      WARNING - @mbggenerated
      This element is automatically generated by MyBatis Generator, do not modify.
      This element was generated on Tue Aug 06 20:21:23 CST 2019.
    -->
    update test
    <set >
      <if test="record.tid != null" >
        Tid = #{record.tid,jdbcType=INTEGER},
      </if>
      <if test="record.tname != null" >
        Tname = #{record.tname,jdbcType=VARCHAR},
      </if>
      <if test="record.turl != null" >
        Turl = #{record.turl,jdbcType=VARCHAR},
      </if>
    </set>
    <if test="_parameter != null" >
      <include refid="Update_By_Example_Where_Clause" />
    </if>
  </update>
  <update id="updateByExample" parameterType="map" >
    <!--
      WARNING - @mbggenerated
      This element is automatically generated by MyBatis Generator, do not modify.
      This element was generated on Tue Aug 06 20:21:23 CST 2019.
    -->
    update test
    set Tid = #{record.tid,jdbcType=INTEGER},
      Tname = #{record.tname,jdbcType=VARCHAR},
      Turl = #{record.turl,jdbcType=VARCHAR}
    <if test="_parameter != null" >
      <include refid="Update_By_Example_Where_Clause" />
    </if>
  </update>
  <update id="updateByPrimaryKeySelective" parameterType="Demo.model.Test" >
    <!--
      WARNING - @mbggenerated
      This element is automatically generated by MyBatis Generator, do not modify.
      This element was generated on Tue Aug 06 20:21:23 CST 2019.
    -->
    update test
    <set >
      <if test="tname != null" >
        Tname = #{tname,jdbcType=VARCHAR},
      </if>
      <if test="turl != null" >
        Turl = #{turl,jdbcType=VARCHAR},
      </if>
    </set>
    where Tid = #{tid,jdbcType=INTEGER}
  </update>
  <update id="updateByPrimaryKey" parameterType="Demo.model.Test" >
    <!--
      WARNING - @mbggenerated
      This element is automatically generated by MyBatis Generator, do not modify.
      This element was generated on Tue Aug 06 20:21:23 CST 2019.
    -->
    update test
    set Tname = #{tname,jdbcType=VARCHAR},
      Turl = #{turl,jdbcType=VARCHAR}
      Tcollege = #{tcollege,jdbcType=VARCHAR}
    where Tid = #{tid,jdbcType=INTEGER}
  </update>
  <select id="findAll"  resultType="Test">
    select tid,tname,turl,tcollege from test
  </select>
  <select id="selectByCollege" parameterType="String" resultType="Test">
    select tid,tname,turl,tcollege from test where tcollege=#{tcollege}
  </select>
  <select id="selectById" parameterType="Integer" resultType="Test">
    select tname,turl,tcollege from test where tid=#{tid}
  </select>
  <update id="update" parameterType="Test">
    update test set tname=#{tname,jdbcType=VARCHAR},turl=#{turl,jdbcType=VARCHAR},tcollege=#{tcollege,jdbcType=VARCHAR} where tid=#{tid,jdbcType=INTEGER}
  </update>
  <delete id="delete" parameterType="java.lang.Integer" >
    <!--
      WARNING - @mbggenerated
      This element is automatically generated by MyBatis Generator, do not modify.
      This element was generated on Tue Aug 06 20:21:23 CST 2019.
    -->
    delete from test
    where Tid = #{tid,jdbcType=INTEGER}
  </delete>
</mapper>