<?xml version="1.0" encoding="UTF-8" ?>
<!DOCTYPE mapper PUBLIC "-//mybatis.org//DTD Mapper 3.0//EN" "http://mybatis.org/dtd/mybatis-3-mapper.dtd" >
<mapper namespace="Demo.mapper.TradeMapper" >
  <resultMap id="BaseResultMap" type="Demo.model.Trade" >
    <!--
      WARNING - @mbggenerated
      This element is automatically generated by MyBatis Generator, do not modify.
      This element was generated on Tue Aug 06 20:21:23 CST 2019.
    -->
    <id column="Tid" property="tid" jdbcType="INTEGER" />
    <result column="Tdes" property="tdes" jdbcType="VARCHAR" />
    <result column="Tuid" property="tuid" jdbcType="VARCHAR" />
    <result column="Tprice" property="tprice" jdbcType="DOUBLE" />
    <result column="image" property="image" jdbcType="VARCHAR" />
    <result column="udept" property="udept" jdbcType="VARCHAR" />
  </resultMap>
  <sql id="Example_Where_Clause" >
    <!--
      WARNING - @mbggenerated
      This element is automatically generated by MyBatis Generator, do not modify.
      This element was generated on Tue Aug 06 20:21:23 CST 2019.
    -->
    <where >
      <foreach collection="oredCriteria" item="criteria" separator="or" >
        <if test="criteria.valid" >
          <trim prefix="(" suffix=")" prefixOverrides="and" >
            <foreach collection="criteria.criteria" item="criterion" >
              <choose >
                <when test="criterion.noValue" >
                  and ${criterion.condition}
                </when>
                <when test="criterion.singleValue" >
                  and ${criterion.condition} #{criterion.value}
                </when>
                <when test="criterion.betweenValue" >
                  and ${criterion.condition} #{criterion.value} and #{criterion.secondValue}
                </when>
                <when test="criterion.listValue" >
                  and ${criterion.condition}
                  <foreach collection="criterion.value" item="listItem" open="(" close=")" separator="," >
                    #{listItem}
                  </foreach>
                </when>
              </choose>
            </foreach>
          </trim>
        </if>
      </foreach>
    </where>
  </sql>
  <sql id="Update_By_Example_Where_Clause" >
    <!--
      WARNING - @mbggenerated
      This element is automatically generated by MyBatis Generator, do not modify.
      This element was generated on Tue Aug 06 20:21:23 CST 2019.
    -->
    <where >
      <foreach collection="example.oredCriteria" item="criteria" separator="or" >
        <if test="criteria.valid" >
          <trim prefix="(" suffix=")" prefixOverrides="and" >
            <foreach collection="criteria.criteria" item="criterion" >
              <choose >
                <when test="criterion.noValue" >
                  and ${criterion.condition}
                </when>
                <when test="criterion.singleValue" >
                  and ${criterion.condition} #{criterion.value}
                </when>
                <when test="criterion.betweenValue" >
                  and ${criterion.condition} #{criterion.value} and #{criterion.secondValue}
                </when>
                <when test="criterion.listValue" >
                  and ${criterion.condition}
                  <foreach collection="criterion.value" item="listItem" open="(" close=")" separator="," >
                    #{listItem}
                  </foreach>
                </when>
              </choose>
            </foreach>
          </trim>
        </if>
      </foreach>
    </where>
  </sql>
  <sql id="Base_Column_List" >
    <!--
      WARNING - @mbggenerated
      This element is automatically generated by MyBatis Generator, do not modify.
      This element was generated on Tue Aug 06 20:21:23 CST 2019.
    -->
    Tid, Tdes, Tuid, Tprice, image,udept
  </sql>
  <select id="selectByExample" resultMap="BaseResultMap" parameterType="Demo.model.TradeExample" >
    <!--
      WARNING - @mbggenerated
      This element is automatically generated by MyBatis Generator, do not modify.
      This element was generated on Tue Aug 06 20:21:23 CST 2019.
    -->
    select
    <if test="distinct" >
      distinct
    </if>
    <include refid="Base_Column_List" />
    from trade
    <if test="_parameter != null" >
      <include refid="Example_Where_Clause" />
    </if>
    <if test="orderByClause != null" >
      order by ${orderByClause}
    </if>
  </select>
  <select id="selectByPrimaryKey" resultMap="BaseResultMap" parameterType="java.lang.Integer" >
    <!--
      WARNING - @mbggenerated
      This element is automatically generated by MyBatis Generator, do not modify.
      This element was generated on Tue Aug 06 20:21:23 CST 2019.
    -->
    select 
    <include refid="Base_Column_List" />
    from trade
    where Tid = #{tid,jdbcType=INTEGER}
  </select>
  <delete id="deleteByPrimaryKey" parameterType="java.lang.Integer" >
    <!--
      WARNING - @mbggenerated
      This element is automatically generated by MyBatis Generator, do not modify.
      This element was generated on Tue Aug 06 20:21:23 CST 2019.
    -->
    delete from trade
    where Tid = #{tid,jdbcType=INTEGER}
  </delete>
  <delete id="deleteByExample" parameterType="Demo.model.TradeExample" >
    <!--
      WARNING - @mbggenerated
      This element is automatically generated by MyBatis Generator, do not modify.
      This element was generated on Tue Aug 06 20:21:23 CST 2019.
    -->
    delete from trade
    <if test="_parameter != null" >
      <include refid="Example_Where_Clause" />
    </if>
  </delete>
  <insert id="insert" parameterType="Demo.model.Trade" >
    <!--
      WARNING - @mbggenerated
      This element is automatically generated by MyBatis Generator, do not modify.
      This element was generated on Tue Aug 06 20:21:23 CST 2019.
    -->
    insert into trade (Tid, Tdes, Tuid, 
      Tprice, image,udept)
    values (#{tid,jdbcType=INTEGER}, #{tdes,jdbcType=VARCHAR}, #{tuid,jdbcType=VARCHAR}, 
      #{tprice,jdbcType=DOUBLE}, #{image,jdbcType=VARCHAR},#{udept,jdbcType=VARCHAR})
  </insert>
  <insert id="insertSelective" parameterType="Demo.model.Trade" >
    <!--
      WARNING - @mbggenerated
      This element is automatically generated by MyBatis Generator, do not modify.
      This element was generated on Tue Aug 06 20:21:23 CST 2019.
    -->
    insert into trade
    <trim prefix="(" suffix=")" suffixOverrides="," >
      <if test="tid != null" >
        Tid,
      </if>
      <if test="tdes != null" >
        Tdes,
      </if>
      <if test="tuid != null" >
        Tuid,
      </if>
      <if test="tprice != null" >
        Tprice,
      </if>
      <if test="image != null" >
        image,
      </if>
    </trim>
    <trim prefix="values (" suffix=")" suffixOverrides="," >
      <if test="tid != null" >
        #{tid,jdbcType=INTEGER},
      </if>
      <if test="tdes != null" >
        #{tdes,jdbcType=VARCHAR},
      </if>
      <if test="tuid != null" >
        #{tuid,jdbcType=VARCHAR},
      </if>
      <if test="tprice != null" >
        #{tprice,jdbcType=DOUBLE},
      </if>
      <if test="image != null" >
        #{image,jdbcType=VARCHAR},
      </if>
    </trim>
  </insert>
  <select id="countByExample" parameterType="Demo.model.TradeExample" resultType="java.lang.Integer" >
    <!--
      WARNING - @mbggenerated
      This element is automatically generated by MyBatis Generator, do not modify.
      This element was generated on Tue Aug 06 20:21:23 CST 2019.
    -->
    select count(*) from trade
    <if test="_parameter != null" >
      <include refid="Example_Where_Clause" />
    </if>
  </select>
  <update id="updateByExampleSelective" parameterType="map" >
    <!--
      WARNING - @mbggenerated
      This element is automatically generated by MyBatis Generator, do not modify.
      This element was generated on Tue Aug 06 20:21:23 CST 2019.
    -->
    update trade
    <set >
      <if test="record.tid != null" >
        Tid = #{record.tid,jdbcType=INTEGER},
      </if>
      <if test="record.tdes != null" >
        Tdes = #{record.tdes,jdbcType=VARCHAR},
      </if>
      <if test="record.tuid != null" >
        Tuid = #{record.tuid,jdbcType=VARCHAR},
      </if>
      <if test="record.tprice != null" >
        Tprice = #{record.tprice,jdbcType=DOUBLE},
      </if>
      <if test="record.image != null" >
        image = #{record.image,jdbcType=VARCHAR},
      </if>
    </set>
    <if test="_parameter != null" >
      <include refid="Update_By_Example_Where_Clause" />
    </if>
  </update>
  <update id="updateByExample" parameterType="map" >
    <!--
      WARNING - @mbggenerated
      This element is automatically generated by MyBatis Generator, do not modify.
      This element was generated on Tue Aug 06 20:21:23 CST 2019.
    -->
    update trade
    set Tid = #{record.tid,jdbcType=INTEGER},
      Tdes = #{record.tdes,jdbcType=VARCHAR},
      Tuid = #{record.tuid,jdbcType=VARCHAR},
      Tprice = #{record.tprice,jdbcType=DOUBLE},
      image = #{record.image,jdbcType=VARCHAR}
    <if test="_parameter != null" >
      <include refid="Update_By_Example_Where_Clause" />
    </if>
  </update>
  <update id="updateByPrimaryKeySelective" parameterType="Demo.model.Trade" >
    <!--
      WARNING - @mbggenerated
      This element is automatically generated by MyBatis Generator, do not modify.
      This element was generated on Tue Aug 06 20:21:23 CST 2019.
    -->
    update trade
    <set >
      <if test="tdes != null" >
        Tdes = #{tdes,jdbcType=VARCHAR},
      </if>
      <if test="tuid != null" >
        Tuid = #{tuid,jdbcType=VARCHAR},
      </if>
      <if test="tprice != null" >
        Tprice = #{tprice,jdbcType=DOUBLE},
      </if>
      <if test="image != null" >
        image = #{image,jdbcType=VARCHAR},
      </if>
    </set>
    where Tid = #{tid,jdbcType=INTEGER}
  </update>
  <update id="updateByPrimaryKey" parameterType="Demo.model.Trade" >
    <!--
      WARNING - @mbggenerated
      This element is automatically generated by MyBatis Generator, do not modify.
      This element was generated on Tue Aug 06 20:21:23 CST 2019.
    -->
    update trade
    set Tdes = #{tdes,jdbcType=VARCHAR},
      Tuid = #{tuid,jdbcType=VARCHAR},
      Tprice = #{tprice,jdbcType=DOUBLE},
    <if test="image != null" >
      image = #{image,jdbcType=VARCHAR}
    </if>
    where Tid = #{tid,jdbcType=INTEGER} and trade.udept=#{udept,jdbcType=VARCHAR}
  </update>

  <select id="getCountById" parameterType="int" resultType="int">
    select count(*) from trade where tid=#{tid}
  </select>

  <select id="findAll" resultType="Trade">
    select tid,tdes,tuid,utel,tprice,image from trade,user where trade.tuid=user.Uid and trade.udept=#{udept,jdbcType=VARCHAR} and trade.udept=user.udept
  </select>
  
  <select id="getCountByTuid" parameterType="String" resultType="int">
    select count(*) from trade where tuid=#{tuid}
  </select>
  
  <select id="getMessageMJ" parameterType="String" resultType="Trade">
    select tid,tdes,tuid,utel,tprice,image from trade,user where trade.tuid=user.Uid and trade.tuid=#{tuid}
  </select>



</mapper>