<?xml version="1.0" encoding="UTF-8"?>
<!DOCTYPE mapper PUBLIC "-//mybatis.org//DTD Mapper 3.0//EN" "http://mybatis.org/dtd/mybatis-3-mapper.dtd">
<mapper namespace="Demo.mapper.UserMapper">
  <resultMap id="BaseResultMap" type="Demo.model.User">
    <!--
      WARNING - @mbggenerated
      This element is automatically generated by MyBatis Generator, do not modify.
      This element was generated on Tue Aug 06 20:21:23 CST 2019.
    -->
    <result column="Uid" jdbcType="VARCHAR" property="uid" />
    <result column="Upsd" jdbcType="VARCHAR" property="upsd" />
    <result column="Ugrade" jdbcType="INTEGER" property="ugrade" />
    <result column="Uname" jdbcType="VARCHAR" property="uname" />
    <result column="Uemail" jdbcType="VARCHAR" property="uemail" />
    <result column="Utel" jdbcType="VARCHAR" property="utel" />
    <result column="Udept" jdbcType="VARCHAR" property="udept" />
    <result column="Taken" jdbcType="VARCHAR" property="taken" />
    <result column="Uimage" jdbcType="VARCHAR" property="uimage" />
  </resultMap>
  <sql id="Example_Where_Clause">
    <!--
      WARNING - @mbggenerated
      This element is automatically generated by MyBatis Generator, do not modify.
      This element was generated on Tue Aug 06 20:21:23 CST 2019.
    -->
    <where>
      <foreach collection="oredCriteria" item="criteria" separator="or">
        <if test="criteria.valid">
          <trim prefix="(" prefixOverrides="and" suffix=")">
            <foreach collection="criteria.criteria" item="criterion">
              <choose>
                <when test="criterion.noValue">
                  and ${criterion.condition}
                </when>
                <when test="criterion.singleValue">
                  and ${criterion.condition} #{criterion.value}
                </when>
                <when test="criterion.betweenValue">
                  and ${criterion.condition} #{criterion.value} and #{criterion.secondValue}
                </when>
                <when test="criterion.listValue">
                  and ${criterion.condition}
                  <foreach close=")" collection="criterion.value" item="listItem" open="(" separator=",">
                    #{listItem}
                  </foreach>
                </when>
              </choose>
            </foreach>
          </trim>
        </if>
      </foreach>
    </where>
  </sql>
  <sql id="Update_By_Example_Where_Clause">
    <!--
      WARNING - @mbggenerated
      This element is automatically generated by MyBatis Generator, do not modify.
      This element was generated on Tue Aug 06 20:21:23 CST 2019.
    -->
    <where>
      <foreach collection="example.oredCriteria" item="criteria" separator="or">
        <if test="criteria.valid">
          <trim prefix="(" prefixOverrides="and" suffix=")">
            <foreach collection="criteria.criteria" item="criterion">
              <choose>
                <when test="criterion.noValue">
                  and ${criterion.condition}
                </when>
                <when test="criterion.singleValue">
                  and ${criterion.condition} #{criterion.value}
                </when>
                <when test="criterion.betweenValue">
                  and ${criterion.condition} #{criterion.value} and #{criterion.secondValue}
                </when>
                <when test="criterion.listValue">
                  and ${criterion.condition}
                  <foreach close=")" collection="criterion.value" item="listItem" open="(" separator=",">
                    #{listItem}
                  </foreach>
                </when>
              </choose>
            </foreach>
          </trim>
        </if>
      </foreach>
    </where>
  </sql>
  <sql id="Base_Column_List">
    <!--
      WARNING - @mbggenerated
      This element is automatically generated by MyBatis Generator, do not modify.
      This element was generated on Tue Aug 06 20:21:23 CST 2019.
    -->
    Uid, Upsd, Ugrade, Uname, Uemail, Utel, Udept
  </sql>
  <select id="selectByExample" parameterType="Demo.model.UserExample" resultMap="BaseResultMap">
    <!--
      WARNING - @mbggenerated
      This element is automatically generated by MyBatis Generator, do not modify.
      This element was generated on Tue Aug 06 20:21:23 CST 2019.
    -->
    select
    <if test="distinct">
      distinct
    </if>
    <include refid="Base_Column_List" />
    from user
    <if test="_parameter != null">
      <include refid="Example_Where_Clause" />
    </if>
    <if test="orderByClause != null">
      order by ${orderByClause}
    </if>
  </select>
  <delete id="deleteByExample" parameterType="Demo.model.UserExample">
    <!--
      WARNING - @mbggenerated
      This element is automatically generated by MyBatis Generator, do not modify.
      This element was generated on Tue Aug 06 20:21:23 CST 2019.
    -->
    delete from user
    <if test="_parameter != null">
      <include refid="Example_Where_Clause" />
    </if>
  </delete>
  <insert id="insert" parameterType="Demo.model.User">
    <!--
      WARNING - @mbggenerated
      This element is automatically generated by MyBatis Generator, do not modify.
      This element was generated on Tue Aug 06 20:21:23 CST 2019.
    -->
    insert into user (Uid, Upsd, Ugrade, 
      Uname, Uemail, Utel, 
      Udept)
    values (#{uid,jdbcType=VARCHAR}, #{upsd,jdbcType=VARCHAR}, #{ugrade,jdbcType=INTEGER}, 
      #{uname,jdbcType=VARCHAR}, #{uemail,jdbcType=VARCHAR}, #{utel,jdbcType=VARCHAR}, 
      #{udept,jdbcType=VARCHAR})
  </insert>
  <insert id="insertSelective" parameterType="Demo.model.User">
    <!--
      WARNING - @mbggenerated
      This element is automatically generated by MyBatis Generator, do not modify.
      This element was generated on Tue Aug 06 20:21:23 CST 2019.
    -->
    insert into user
    <trim prefix="(" suffix=")" suffixOverrides=",">
      <if test="uid != null">
        Uid,
      </if>
      <if test="upsd != null">
        Upsd,
      </if>
      <if test="ugrade != null">
        Ugrade,
      </if>
      <if test="uname != null">
        Uname,
      </if>
      <if test="uemail != null">
        Uemail,
      </if>
      <if test="utel != null">
        Utel,
      </if>
      <if test="udept != null">
        Udept,
      </if>
    </trim>
    <trim prefix="values (" suffix=")" suffixOverrides=",">
      <if test="uid != null">
        #{uid,jdbcType=VARCHAR},
      </if>
      <if test="upsd != null">
        #{upsd,jdbcType=VARCHAR},
      </if>
      <if test="ugrade != null">
        #{ugrade,jdbcType=INTEGER},
      </if>
      <if test="uname != null">
        #{uname,jdbcType=VARCHAR},
      </if>
      <if test="uemail != null">
        #{uemail,jdbcType=VARCHAR},
      </if>
      <if test="utel != null">
        #{utel,jdbcType=VARCHAR},
      </if>
      <if test="udept != null">
        #{udept,jdbcType=VARCHAR},
      </if>
    </trim>
  </insert>
  <select id="countByExample" parameterType="Demo.model.UserExample" resultType="java.lang.Integer">
    <!--
      WARNING - @mbggenerated
      This element is automatically generated by MyBatis Generator, do not modify.
      This element was generated on Tue Aug 06 20:21:23 CST 2019.
    -->
    select count(*) from user
    <if test="_parameter != null">
      <include refid="Example_Where_Clause" />
    </if>
  </select>
  <update id="updateByExampleSelective" parameterType="map">
    <!--
      WARNING - @mbggenerated
      This element is automatically generated by MyBatis Generator, do not modify.
      This element was generated on Tue Aug 06 20:21:23 CST 2019.
    -->
    update user
    <set>
      <if test="record.uid != null">
        Uid = #{record.uid,jdbcType=VARCHAR},
      </if>
      <if test="record.upsd != null">
        Upsd = #{record.upsd,jdbcType=VARCHAR},
      </if>
      <if test="record.ugrade != null">
        Ugrade = #{record.ugrade,jdbcType=INTEGER},
      </if>
      <if test="record.uname != null">
        Uname = #{record.uname,jdbcType=VARCHAR},
      </if>
      <if test="record.uemail != null">
        Uemail = #{record.uemail,jdbcType=VARCHAR},
      </if>
      <if test="record.utel != null">
        Utel = #{record.utel,jdbcType=VARCHAR},
      </if>
      <if test="record.udept != null">
        Udept = #{record.udept,jdbcType=VARCHAR},
      </if>
    </set>
    <if test="_parameter != null">
      <include refid="Update_By_Example_Where_Clause" />
    </if>
  </update>
  <update id="updateByExample" parameterType="map">
    <!--
      WARNING - @mbggenerated
      This element is automatically generated by MyBatis Generator, do not modify.
      This element was generated on Tue Aug 06 20:21:23 CST 2019.
    -->
    update user
    set Uid = #{record.uid,jdbcType=VARCHAR},
      Upsd = #{record.upsd,jdbcType=VARCHAR},
      Ugrade = #{record.ugrade,jdbcType=INTEGER},
      Uname = #{record.uname,jdbcType=VARCHAR},
      Uemail = #{record.uemail,jdbcType=VARCHAR},
      Utel = #{record.utel,jdbcType=VARCHAR},
      Udept = #{record.udept,jdbcType=VARCHAR}
    <if test="_parameter != null">
      <include refid="Update_By_Example_Where_Clause" />
    </if>
  </update>

  <select id="findAll"  resultType="User">
    select * from user
  </select>
  <!-- 根据ID查询表数据 -->
  <select id="select" resultType="User">
    select * from user where uid = #{uid,jdbcType=VARCHAR}
  </select>

  <update id="registerAutoLogin">
    update user
    set taken = #{taken,jdbcType=VARCHAR}
    where uid = #{uid,jdbcType=VARCHAR}
  </update>
  <select id="autoLogin" resultType="User">
    select * from user where taken = #{taken}
  </select>
  <update id="updateuname">
    update user
    set uname = #{uname,jdbcType=VARCHAR}
    where uid = #{uid,jdbcType=VARCHAR}
  </update>
  <update id="updateuimage">
    update user
    set uimage = #{uimage,jdbcType=VARCHAR}
    where uid = #{uid,jdbcType=VARCHAR}
  </update>
  <update id="updateUser">
    update user
    <set>
      <if test="user.upsd != null">
        Upsd = #{user.upsd,jdbcType=VARCHAR},
      </if>
      <if test="user.uname != null">
        Uname = #{user.uname,jdbcType=VARCHAR},
      </if>
      <if test="user.uemail != null">
        Uemail = #{user.uemail,jdbcType=VARCHAR},
      </if>
      <if test="user.utel != null">
        Utel = #{user.utel,jdbcType=VARCHAR},
      </if>
      <if test="user.udept != null">
        Udept = #{user.udept,jdbcType=VARCHAR},
      </if>
      <if test="user.uimage != null">
        Uimage = #{user.uimage,jdbcType=VARCHAR},
      </if>
    </set>
    where uid = #{uid,jdbcType=VARCHAR}
  </update>
</mapper>